{
  "k1": 10,
  "k2": 10,
  "lambda_interval": [
    1e-08,
    1.5998587196060573e-08,
    2.5595479226995333e-08,
    4.0949150623804276e-08,
    6.551285568595509e-08,
    1.0481131341546853e-07,
    1.67683293681101e-07,
    2.6826957952797275e-07,
    4.2919342601287785e-07,
    6.866488450042998e-07,
    1.0985411419875572e-06,
    1.757510624854793e-06,
    2.811768697974231e-06,
    4.498432668969444e-06,
    7.196856730011529e-06,
    1.1513953993264481e-05,
    1.8420699693267162e-05,
    2.94705170255181e-05,
    4.71486636345739e-05,
    7.543120063354622e-05,
    0.00012067926406393288,
    0.00019306977288832496,
    0.0003088843596477485,
    0.0004941713361323838,
    0.0007906043210907702,
    0.0012648552168552957,
    0.0020235896477251557,
    0.0032374575428176467,
    0.005179474679231213,
    0.008286427728546842,
    0.013257113655901109,
    0.021209508879201925,
    0.0339322177189533,
    0.054286754393238594,
    0.08685113737513521,
    0.13894954943731389,
    0.22229964825261955,
    0.35564803062231287,
    0.5689866029018305,
    0.9102981779915227,
    1.4563484775012443,
    2.329951810515372,
    3.727593720314938,
    5.963623316594637,
    9.540954763499963,
    15.264179671752364,
    24.420530945486547,
    39.06939937054621,
    62.50551925273976,
    100.0
  ],
  "num_hidden_units": [
    1,
    2,
    3,
    4,
    5
  ],
  "test_error_baseline": [
    0.2765957446808511,
    0.2978723404255319,
    0.5,
    0.43478260869565216,
    0.4782608695652174,
    0.17391304347826086,
    0.32608695652173914,
    0.2826086956521739,
    0.391304347826087,
    0.30434782608695654
  ],
  "test_error_logreg": [
    0.23404255319148937,
    0.2553191489361702,
    0.34782608695652173,
    0.2391304347826087,
    0.391304347826087,
    0.2608695652173913,
    0.2826086956521739,
    0.21739130434782608,
    0.1956521739130435,
    0.34782608695652173
  ],
  "best_regularization_logreg": [
    39.06939937054621,
    39.06939937054621,
    9.540954763499963,
    39.06939937054621,
    15.264179671752364,
    24.420530945486547,
    9.540954763499963,
    24.420530945486547,
    9.540954763499963,
    62.50551925273976
  ],
  "test_error_ann": [
    0.27659574151039124,
    0.27659574151039124,
    0.5,
    0.28260868787765503,
    0.3478260934352875,
    0.28260868787765503,
    0.260869562625885,
    0.21739129722118378,
    0.239130437374115,
    0.32608696818351746
  ],
  "best_regularization_ann": [
    1,
    1,
    2,
    4,
    2,
    3,
    1,
    2,
    3,
    2
  ],
  "comparison_logreg_baseline": {
    "theta": 0.06926406926406926,
    "CI": [
      0.023598438681377676,
      0.11478689259530483
    ],
    "p": 0.0041237038446994495
  },
  "comparison_ann_baseline": {
    "theta": 0.045454545454545456,
    "CI": [
      -0.003657009542701095,
      0.09445788898175445
    ],
    "p": 0.08481264433974647
  },
  "comparison_logreg_ann": {
    "theta": 0.023809523809523808,
    "CI": [
      -0.004543594537555484,
      0.0521437610343467
    ],
    "p": 0.1351564508456704
  },
  "comparison_ann_logreg": {
    "theta": -0.023809523809523808,
    "CI": [
      -0.05214376103434659,
      0.004543594537555595
    ],
    "p": 0.1351564508456704
  }
}